site,year,month_year,date,patch,plot,subplot,PIUV_less5cmDBH_total,PIUV_less130cm_total,PIUV_5to130_total,PIUV_less5cm,PIUV_greatequal5cm,PIUV_5to30cm,PIUV_31to130cm,PIUV_great130cm,soil_to40cm,soil2,nst_height_m,nst_dist_m,nst_dir,stpres_5m,stmh_5m,cnt_stmh_5m,stpres_10m,stmh_10m,cnt_stmh_10m,stpres_20m,stmh_20m,cnt_stmh_20m,light_cond,par_time,par0.3,par1.3,dwt1,dwt2,dwt3,dwt_eqgreat0,pool_pres,pool,bare_ground,litter,wood,trunk,Dicran,Sphagnum,om,cush_spp,sub_dom,NMDS_axis1,NMDS_axis2,NMDS_axis3,OS_less30cm,OS_31to130,OS_great130cm,OS_total,Plot_PIUVcnt,logpar0.3_resid,logpar1.3_resid,logparratio_resid,subNMDS_a1,subNMDS_a2,subNMDS_a3,us_emshr,us_shrubs,us_trees
RMB,2017,17-Jan,1/15/2017,Bog,B01,B0101,0,0,0,0,0,0,0,0,Peat,Peat,NA,NA,NA,1,1 to 2,1 to 2,1,1 to 2,1 to 2,1,1 to 2,6 to 12,OC,9:42:00,867,1027,27,25,22,0,0,0,0,1,0,0,0,100,0,0,Sphagnum,-0.7814,-0.4285,0.7005,18,12,1,31,0,0.078745377,0.187340606,0.066671865,1.2303,0.73233,0.07156,11.5,1.5,1.5
RMB,2017,17-Jan,1/15/2017,Bog,B01,B0102,0,0,0,0,0,0,0,0,Peat,Peat,NA,NA,NA,1,less than 1,1 to 2,1,less than 1,1 to 2,1,1 to 2,6 to 12,OC,11:47:00,1244,796,-5,20,25,1,1,20,0,1,0,0,0,45,1,35,Sphagnum-cush,-1.1655,-0.1399,-0.0018,0,0,0,0,0,-0.00324039,-0.174489517,-0.200786794,1.1374,-0.3144,0.22002,41.0,35.5,0.5
RMB,2017,17-Jan,1/15/2017,Bog,B01,B0103,0,0,0,0,0,0,0,0,Peat,Peat,NA,NA,NA,1,1 to 2,1 to 2,1,1 to 2,1 to 2,1,1 to 2,6 to 12,OC,12:44:00,1448,1485,28,17,-5,1,1,35,0,1,0,0,0,20,35,10,Other moss-Sphagnum-cush,-0.966,-0.286,-0.2672,1,0,0,1,0,0.001643841,0.031073063,0.004078411,0.3516,-0.57565,-0.15189,27.0,15.5,1
RMB,2017,17-Jan,1/15/2017,Bog,B01,B0104,3,3,3,0,3,3,0,0,Peat,Peat,NA,NA,NA,0,none,none,1,less than 1,1 to 2,1,1 to 2,6 to 12,OC,13:44:00,1350,1399,10,22,11,0,1,5,0,1,0,0,0,20,15,55,Cush-Sphagnum,-1.1129,0.0275,-0.3677,8,1,0,9,0,-0.044483855,-0.012964371,0.008604465,0.7191,-0.65041,0.69361,51.5,35.5,1.5
RMB,2017,17-Jan,1/24/2017,Bog,B02,B0201,0,0,0,0,0,0,0,0,Peat,Peat,NA,NA,NA,0,none,none,1,1 to 2,NA,1,1 to 2,NA,"OC, PS",11:35:00,1027,1048,1,9,12,0,1,50,0,1,0,0,1,1,55,40,Other moss-cush,-0.6501,-0.2024,-1.1444,44,0,0,44,0,0.184665149,0.111257143,-0.060156243,-0.0473,-0.80461,-0.00173,21.5,11.0,0.5
RMB,2017,17-Jan,1/24/2017,Bog,B02,B0202,0,0,0,0,0,0,0,0,Peat,Peat,NA,NA,NA,0,none,none,1,1 to 2,NA,1,1 to 2,NA,"OC, PS",11:40:00,468,528,3,5,14,0,1,5,0,1,0,0,0,60,45,35,Sphagnum-other moss,-0.8802,-0.3973,0.1893,1,2,0,3,0,-0.156659442,-0.186470218,-0.016559013,0.559,0.02549,0.44642,47.5,31.0,5
RMB,2017,17-Jan,1/24/2017,Bog,B02,B0203,0,0,0,0,0,0,0,0,Decaying SPMA,Moss,NA,NA,NA,0,none,none,0,none,none,1,1 to 2,NA,"OC, PS",12:06:00,642,1037,35,37,36,0,0,0,0,5,0,0,0,100,1,0,Sphagnum,-0.6726,-0.406,0.4281,20,17,0,37,0,-0.019370267,0.106674616,0.139296646,1.1435,0.71771,0.09263,81.0,55.0,25
RMB,2017,17-Jan,1/24/2017,Bog,B02,B0204,0,0,0,0,0,0,0,0,Peat,Peat,NA,NA,NA,0,none,none,1,1 to 2,NA,1,1 to 2,NA,"OC, PS",10:53:00,513,598,28,36,26,0,1,1,0,1,0,0,0,100,1,0,Sphagnum,-0.9392,-0.3807,0.5661,5,0,0,5,0,-0.014514337,-0.024476775,-0.002363263,1.2067,0.69537,0.0832,22.5,16.0,0.5
RMB,2017,17-Jan,1/29/2017,Bog,B03,B0301,3,3,2,1,2,1,1,0,Peat,Peat,NA,NA,NA,1,less than 1,1 to 2,1,less than 1,1 to 2,1,3 to 5,1 to 2,"OC, PS",11:19:00,1005,975,7,11,12,0,1,1,0,1,0,0,0,5,1,100,Cush,-1.1807,0.2421,-0.8144,12,0,0,12,0,0.005956217,-0.032126695,-0.049331203,0.6746,-0.99419,1.06723,47.0,45.5,0.5
RMB,2017,17-Jan,1/29/2017,Bog,B03,B0302,0,0,0,0,0,0,0,0,Peat,Peat,NA,NA,NA,0,none,none,1,less than 1,1 to 2,1,3 to 5,1 to 2,"OC, PS",11:18:00,1116,1095,12,14,3,0,1,1,0,1,0,0,0,1,1,100,Cush,-1.129,0.3923,-0.938,17,0,0,17,0,0.05145435,0.018282809,-0.044419833,0.634,-1.01808,1.10172,47.5,45.5,0.5
RMB,2017,17-Jan,1/29/2017,Bog,B03,B0303,1,1,1,0,1,0,1,0,Peat,Peat,NA,NA,NA,0,none,none,0,none,none,1,3 to 5,1 to 2,"OC, PS",11:16:00,935,1118,-2,-2,13,1,1,10,0,5,0,0,0,50,5,45,Sphagnum-cush,-0.8621,0.0123,0.0173,8,16,0,24,0,-0.025398234,0.027310493,0.041460435,1.046,-0.17145,0.44776,42.0,30.5,10.5
RMB,2017,17-Jan,1/29/2017,Bog,B03,B0304,2,2,0,2,0,0,0,0,Peat,Peat,NA,NA,NA,0,none,none,1,less than 1,1 to 2,1,3 to 5,1 to 2,"OC, PS",11:14:00,1002,1111,6,-4,23,1,1,35,0,1,0,0,0,60,25,20,Sphagnum-other moss,-1.1361,-0.1305,0.2192,14,2,1,17,0,0.004657877,0.024582748,0.00867658,0.7876,-0.15187,-0.01919,47.5,26.0,10
RMB,2017,17-Jan,1/29/2017,Bog,B04,B0401,1,1,1,0,1,1,0,0,Peat,Peat,NA,NA,NA,1,less than 1,1 to 2,0,none,none,0,none,none,OC,13:37:00,418,483,-4,-8,-5,1,1,65,0,5,0,0,0,1,60,20,Other moss-cush,-0.4181,0.6549,-0.4367,1,0,0,1,0,-0.080823101,-0.049017483,0.022878253,-0.1502,-0.6928,-0.22048,51.0,10.0,20
RMB,2017,17-Jan,1/29/2017,Bog,B04,B0402,1,1,0,1,0,0,0,0,Peat,Peat,NA,NA,NA,1,less than 1,1 to 2,0,none,none,0,none,none,OC,13:41:00,529,573,1,-5,11,1,1,70,0,1,0,0,0,1,45,30,Other moss-cush,-0.4853,-0.5407,-1.1952,10,13,0,23,0,0.021456289,0.025190008,-0.005193646,0.0373,-0.89435,-0.22563,11.0,5.0,1.5
RMB,2017,17-Jan,1/29/2017,Bog,B04,B0403,0,0,0,0,0,0,0,0,Peat,Peat,NA,NA,NA,0,none,none,1,less than 1,1 to 2,0,none,none,OC,13:52:00,531,556,-7,-15,-6,1,1,65,0,5,0,0,0,0,35,0,Other moss,-1.5499,0.6223,-0.2986,3,0,0,3,0,0.023095138,0.012110177,-0.019912325,-0.0156,-0.76562,-0.53451,40.0,10.0,0.5
RMB,2017,17-Jan,1/29/2017,Bog,B04,B0404,0,0,0,0,0,0,0,0,Peat,Peat,NA,NA,NA,0,none,none,1,less than 1,1 to 2,0,none,none,OC,13:59:00,522,534,0,-5,-1,1,1,50,0,10,0,0,0,0,80,0,Other moss,-1.5672,0.7453,-0.2365,1,0,0,1,0,0.01567112,-0.005423357,-0.030021842,-0.4062,-0.4324,-0.17979,65.5,10.0,0.5
RMB,2017,17-Feb,2/4/2017,Bog,B05,B0501,5,5,5,0,5,0,5,0,Peat,Peat,NA,NA,NA,0,none,none,0,none,none,1,3 to 5,1 to 2,Sun,11:31:00,877,1009,10,13,12,0,1,5,0,5,0,0,1,25,5,85,Cush,-0.5859,0.4762,0.0321,3,18,3,24,0,-0.029347882,-0.02826847,0.005177299,0.8542,-0.61109,0.79324,36.0,10.5,45.5
RMB,2017,17-Feb,2/4/2017,Bog,B05,B0502,3,3,3,0,3,1,2,0,Peat,Peat,NA,NA,NA,0,none,none,0,none,none,1,3 to 5,1 to 2,Sun,11:37:00,631,1054,22,10,27,0,1,1,0,10,0,0,1,0,10,90,Cush,-0.5179,0.8539,-0.1571,1,33,1,35,0,-0.172318116,-0.009319025,0.167096977,0.4113,-0.83949,1.06935,76.0,55.5,60.5
RMB,2017,17-Feb,2/4/2017,Bog,B05,B0503,2,2,2,0,2,2,0,0,Peat,Peat,NA,NA,NA,0,none,none,0,none,none,1,3 to 5,1 to 2,Sun,11:40:00,1231,1130,-1,-1,-2,1,1,50,0,1,0,0,0,5,10,90,Cush,-1.1798,0.1727,-0.8472,2,0,0,2,0,0.117910577,0.020918808,-0.092893884,0.5919,-1.12829,0.23415,61.5,55.5,0.5
RMB,2017,17-Feb,2/4/2017,Bog,B05,B0504,1,1,1,0,1,1,0,0,Peat,Peat,NA,NA,NA,0,none,none,0,none,none,1,3 to 5,1 to 2,Sun,11:46:00,1142,1112,-1,8,1,1,1,40,0,10,0,0,0,10,30,65,Cush,-0.6444,0.3632,-0.292,0,11,0,11,0,0.085318628,0.013945151,-0.067275591,0.3357,-0.8096,0.25294,51.5,30.5,25.5
RMB,2017,17-Feb,2/4/2017,Bog,B06,B0601,0,0,0,0,0,0,0,0,Peat,Peat,NA,NA,NA,0,none,none,0,none,none,0,none,none,Sun,12:17:00,1234,1173,7,13,5,0,1,25,0,10,0,0,0,20,5,60,Cush,-0.7732,0.0395,-0.2847,7,9,0,16,0,0.059932449,0.004314996,-0.062299251,0.7746,-0.7371,0.39249,46.0,25.5,10.5
RMB,2017,17-Feb,2/4/2017,Bog,B06,B0602,0,0,0,0,0,0,0,0,Peat,Peat,NA,NA,NA,0,none,none,0,none,none,0,none,none,Sun,12:19:00,1153,1195,4,23,26,0,1,15,0,1,0,0,0,75,1,25,Sphagnum,-1.0154,-0.2094,0.3018,11,1,0,12,0,0.030446596,0.01238489,-0.024743505,1.2022,0.13892,0.1918,37.0,26.0,1
RMB,2017,17-Feb,2/4/2017,Bog,B06,B0603,0,0,0,0,0,0,0,0,Peat,Peat,NA,NA,NA,0,none,none,0,none,none,0,none,none,Sun,12:21:00,867,1028,-3,3,14,1,1,5,0,10,0,0,0,5,30,10,Other moss-cush-litter,-0.1878,0.7082,0.307,0,13,49,62,0,-0.093363613,-0.052989901,0.033691914,-0.0052,-0.28611,0.85411,16.0,5.0,80
RMB,2017,17-Feb,2/4/2017,Bog,B06,B0604,0,0,0,0,0,0,0,0,Peat,Peat,NA,NA,NA,0,none,none,0,none,none,0,none,none,Sun,12:24:00,1107,1267,15,19,10,0,1,15,0,10,0,0,0,20,55,15,Other moss-Sphagnum,-0.3579,0.3814,0.1147,6,11,8,25,0,0.01276491,0.037793599,0.018346891,0.0356,-0.28033,0.2526,17.5,11.0,50.5
RMB,2018,18-Mar,3/30/2018,Bog,B07,B0701,3,3,5,0,3,2,3,0,Decaying SPMA,Moss,4.5,17,E,0,none,none,0,none,none,1,3 to 5,6 to 12,Sun,16:59:00,555.9,767.6,6,6,18,0,1,40,0,1,0,0,0,70,0,5,Sphagnum,-0.3651,-0.2938,0.5492,8,7,0,15,0,0.020994215,0.083020859,0.07495745,1.1452,0.0876,-0.26663,2.0,1.0,25
RMB,2018,18-Mar,3/30/2018,Bog,B07,B0702,0,0,0,0,0,0,0,0,Peat,Peat,4.5,17,E,0,none,none,0,none,none,1,3 to 5,6 to 12,Sun,17:00:00,519.12,643.64,0,7,6,0,1,90,65,1,0,0,0,35,0,1,Organic soil-Sphagnum,-0.8984,-0.8659,0.3553,0,0,0,0,0,-0.008734698,0.006528919,0.028194423,0.8453,-0.47356,-0.97649,2.0,0.5,0
RMB,2018,18-Mar,3/30/2018,Bog,B07,B0703,0,0,0,0,0,0,0,0,Peat,Peat,4,14,NE,0,none,none,0,none,none,1,3 to 5,6 to 12,Sun,17:01:00,696.72,711.87,-12,19,0,1,1,75,60,1,0,0,0,10,1,1,Organic soil-Sphagnum,-0.6425,-1.1261,-0.3319,0,0,0,0,0,0.119055818,0.050286584,-0.055838428,0.6296,-0.75396,-1.03188,2.0,0.5,0.5
RMB,2018,18-Mar,3/30/2018,Bog,B07,B0704,0,0,0,0,0,0,0,0,Peat,Peat,3,10,E,0,none,none,1,3 to 5,1 to 2,1,3 to 5,6 to 12,Sun,17:04:00,439.79,500.86,-14,-4,-5,1,1,95,70,1,0,0,0,15,1,1,Organic soil,-0.8436,-1.1536,-0.0438,0,0,0,0,0,-0.080757109,-0.102397758,-0.008709843,0.6571,-0.69155,-1.08233,1.0,0.5,0
RMB,2018,18-Apr,4/5/2018,Bog,B08,B0801,13,13,13,0,13,13,0,0,Peat,Peat,0.5,0.5,S,1,1 to 2,3 to 5,0,none,none,1,3 to 5,1 to 2,OC,11:17:00,33.6,38.34,4,-4,7,0,1,45,1,1,0,0,0,100,0,0,Sphagnum,-0.8306,-0.4216,0.543,2,0,0,2,0,-0.004384485,0.006366301,0.006633884,1.1482,0.2951,-0.29776,18.5,16.5,0.5
RMB,2018,18-Apr,4/5/2018,Bog,B08,B0802,0,0,0,0,0,0,0,0,Peat,Peat,0.5,4,S,1,1 to 2,3 to 5,0,none,none,1,3 to 5,1 to 2,OC,11:19:00,34.14,36.06,-9,-5,-6,1,1,95,45,1,0,0,0,5,0,1,Organic soil-Sphagnum,-0.8271,-0.8641,-0.748,0,0,0,0,0,0.002539755,-0.020260085,-0.026916741,0.5569,-0.80094,-1.11043,6.5,5.0,0
RMB,2018,18-Apr,4/5/2018,Bog,B08,B0803,0,0,0,0,0,0,0,0,Peat,Peat,0.5,6,S,0,none,none,0,none,none,1,3 to 5,1 to 2,OC,11:41:00,38.08,46.41,-12,-11,-11,1,1,80,75,1,0,0,0,20,0,0,Organic soil,-1.0421,-0.6755,-0.2165,0,0,0,0,0,-0.052300415,-0.01860042,0.035235682,0.7302,-0.63285,-1.04178,10.5,10.0,0
RMB,2018,18-Apr,4/5/2018,Bog,B08,B0804,0,0,0,0,0,0,0,0,Peat,Peat,0.5,8,S,0,none,none,0,none,none,1,3 to 5,1 to 2,OC,11:42:00,40.25,43.48,4,3,-2,1,1,55,50,1,0,0,0,25,0,1,Organic soil-Sphagnum,-0.9001,-0.6438,-0.1548,2,0,0,2,0,-0.02823147,-0.046922453,-0.017155296,0.8423,-0.5557,-0.85776,12.5,11.0,0.5
RMB,2018,18-Apr,4/5/2018,Bog,B09,B0901,3,3,3,0,3,2,1,0,Peat,Peat,0.5,0,SE,1,less than 1,1 to 2,1,3 to 5,3 to 5,1,3 to 5,3 to 5,OC,12:50:00,82.56,131.29,-8,-5,4,1,1,40,30,25,0,0,0,35,0,1,Sphagnum-organic soil,-0.3568,0.1843,0.2333,11,17,4,32,0,-0.207931856,-0.126955477,0.109579899,0.8454,-0.17678,-0.72663,23.0,6.0,45
RMB,2018,18-Apr,4/5/2018,Bog,B09,B0902,1,1,1,0,1,1,0,0,Decaying SPMA,Moss,0.5,4,S,1,less than 1,1 to 2,1,3 to 5,1 to 2,1,3 to 5,3 to 5,OC,12:51:00,123.67,171.11,14,23,-5,1,1,5,5,1,0,0,0,95,1,0,Sphagnum,-0.6561,-0.2484,0.5736,32,11,2,45,0,-0.03243718,-0.011911735,0.049128966,1.1999,0.61369,0.00217,17.5,6.0,25
RMB,2018,18-Apr,4/5/2018,Bog,B09,B0903,0,0,0,0,0,0,0,0,Peat,Peat,0.5,6,S,0,none,none,1,less than 1,1 to 2,1,3 to 5,3 to 5,OC,13:29:00,184.41,223.37,-11,7,21,1,1,55,40,1,0,0,1,50,0,1,Sphagnum-organic soil,-0.5731,-0.5073,0.2191,14,4,0,18,0,0.141082927,0.103837718,-0.008641688,1.0095,-0.23561,-0.68607,11.5,5.0,10.5
RMB,2018,18-Apr,4/5/2018,Bog,B09,B0904,1,1,1,0,1,0,1,0,Decaying SPMA,Moss,0.5,8,S,0,none,none,1,less than 1,1 to 2,1,3 to 5,3 to 5,OC,13:31:00,164.93,191.73,10,8,18,0,1,1,0,1,0,0,0,100,0,0,Sphagnum,-0.4979,0.0392,0.4598,23,7,7,37,0,0.076905216,0.019374251,-0.026491651,1.2295,0.71147,0.07127,38.0,16.5,41
RMB,2017,17-Jan,1/16/2017,Bog Forest,BF01,BF0101,16,15,12,3,13,4,8,1,Peat,Peat,NA,NA,NA,1,1 to 2,1 to 2,1,1 to 2,NA,1,3 to 5,NA,"OC, Sun",11:12:00,131,375,19,20,38,0,1,5,0,5,0,0,1,10,30,70,Cush,-0.35,0.7807,0.1333,0,0,8,8,0,-0.112020789,-0.046665936,0.044444086,0.2976,-0.69511,0.7411,4.5,1.5,61
RMB,2017,17-Jan,1/16/2017,Bog Forest,BF01,BF0102,23,17,14,3,20,12,2,6,Mucky Peat,Mucky Peat,NA,NA,NA,1,1 to 2,6 to 12,1,1 to 2,NA,1,3 to 5,NA,"OC, Sun",13:05:00,415,943,28,37,4,0,1,45,0,1,0,0,1,25,15,0,Sphagnum-other moss,-0.1086,0.3695,0.3804,0,0,15,15,0,0.225418469,0.180637502,-0.05585229,0.6848,-0.5071,-0.41937,14.0,1.5,55.5
RMB,2017,17-Jan,1/16/2017,Bog Forest,BF01,BF0103,26,21,11,10,16,3,8,5,Mucky Peat,Mucky Peat,NA,NA,NA,1,1 to 2,6 to 12,1,1 to 2,NA,1,3 to 5,NA,"OC, Sun",14:34:00,295,798,3,24,-23,1,1,15,0,5,0,0,5,50,15,0,Sphagnum-other moss,-0.1475,0.2721,0.5677,0,0,8,8,0,0.092247077,0.120228862,0.019864989,0.824,0.15464,0.00375,23.5,1.5,60.5
RMB,2017,17-Jan,1/17/2017,Bog Forest,BF01,BF0104,30,20,9,11,19,1,8,10,Muck,Muck,NA,NA,NA,1,1 to 2,6 to 12,1,1 to 2,NA,1,3 to 5,NA,"OC, Sun",10:47:00,65,213,20,10,38,0,1,45,0,5,0,0,1,20,35,0,Other moss-Sphagnum,0.0253,0.3668,0.3372,0,0,2,2,0,-0.412265,-0.291087469,0.102872021,0.2839,-0.47039,-0.33499,19.0,2.0,65.5
RMB,2017,17-Jan,1/24/2017,Bog Forest,BF02,BF0201,7,7,6,1,6,5,1,0,Peat,Peat,NA,NA,NA,1,1 to 2,1 to 2,1,3 to 5,NA,1,3 to 5,NA,PS,14:07:00,479,804,22,15,30,0,1,5,0,15,0,0,1,85,10,0,Sphagnum,-0.2511,-0.241,0.5217,48,33,0,81,2,-0.134166866,-0.104044553,-0.168480423,0.8927,0.57068,0.17758,47.0,25.5,35.5
RMB,2017,17-Jan,1/24/2017,Bog Forest,BF02,BF0202,11,11,9,2,9,1,8,0,Peat,Peat,NA,NA,NA,1,1 to 2,1 to 2,1,3 to 5,NA,1,3 to 5,NA,PS,14:49:00,897,1197,16,11,13,0,1,15,0,5,1,10,5,20,75,0,Other moss,-0.16,-0.3608,-0.2709,6,22,0,28,2,0.169037655,0.099022405,-0.268099251,-0.2283,-0.03479,0.08211,96.5,55.5,20.5
RMB,2017,17-Jan,1/24/2017,Bog Forest,BF02,BF0203,22,21,20,1,21,11,9,1,Decaying SPMA,Moss,NA,NA,NA,1,1 to 2,3 to 5,1,3 to 5,NA,1,1 to 2,NA,PS,15:05:00,822,969,44,48,32,0,1,1,0,10,0,1,0,95,5,0,Sphagnum,-0.3854,-0.2689,0.662,71,21,0,92,2,0.13111703,0.007252032,-0.321948999,1.0415,0.66864,0.15773,24.0,16.5,20.5
RMB,2017,17-Jan,1/24/2017,Bog Forest,BF02,BF0204,0,0,0,0,0,0,0,0,Decaying SPMA,Moss,NA,NA,NA,1,1 to 2,1 to 2,1,1 to 2,NA,1,1 to 2,NA,PS,15:02:00,863,948,36,42,42,0,0,0,0,10,0,1,0,95,5,0,Sphagnum,-0.4499,-0.5639,0.7245,39,7,6,52,2,0.152256008,-0.002263408,-0.352603417,1.0467,0.68126,0.16481,28.5,26.5,20.5
RMB,2017,17-Jan,1/26/2017,Bog Forest,BF03,BF0301,8,8,4,4,4,1,3,0,Decaying SPMA,Moss,NA,NA,NA,1,3 to 5,1 to 2,1,3 to 5,1 to 2,1,3 to 5,1 to 2,"OC, PS",11:55:00,150,288,47,39,13,0,0,0,0,5,0,1,1,100,1,0,Sphagnum,-0.3715,-0.0448,0.6182,3,29,1,33,11,-0.213851071,-0.148945344,-0.118971448,1.1352,0.72127,0.09217,13.0,6.5,35.5
RMB,2017,17-Jan,1/26/2017,Bog Forest,BF03,BF0302,8,6,2,4,4,0,2,2,Decaying SPMA,Moss,NA,NA,NA,1,3 to 5,1 to 2,1,3 to 5,1 to 2,1,3 to 5,1 to 2,"OC, PS",12:53:00,242,398,71,60,46,0,0,0,0,15,0,1,1,100,1,0,Sphagnum,-0.3474,-0.1774,0.5578,2,5,12,19,11,-0.067190915,-0.073705565,-0.186204971,1.0453,0.74936,0.12449,23.0,6.5,26
RMB,2017,17-Jan,1/26/2017,Bog Forest,BF03,BF0303,4,2,1,1,3,0,1,2,Decaying SPMA,Moss,NA,NA,NA,1,1 to 2,3 to 5,1,3 to 5,1 to 2,1,3 to 5,1 to 2,"OC, PS",14:23:00,106,209,48,44,44,0,0,0,0,20,0,1,1,100,1,0,Sphagnum,-0.2753,-0.1187,0.5928,0,16,4,20,11,-0.441393318,-0.371571046,-0.107432256,1.0155,0.77318,0.12718,38.5,11.5,36
RMB,2017,17-Jan,1/26/2017,Bog Forest,BF03,BF0304,2,1,1,0,2,0,1,1,Peat,Peat,NA,NA,NA,1,3 to 5,1 to 2,1,3 to 5,1 to 2,1,3 to 5,1 to 2,"OC, PS",13:03:00,821,1277,39,33,59,0,0,0,0,10,0,1,1,100,1,0,Sphagnum,-0.4158,-0.2257,0.4688,0,6,4,10,11,0.463336876,0.43260226,-0.210424937,1.0806,0.73061,0.11168,27.5,11.0,20.5
RMB,2017,17-Feb,2/1/2017,Bog Forest,BF04,BF0401,40,39,29,10,30,18,11,1,Mucky Peat,Mucky Peat,NA,NA,NA,1,3 to 5,1 to 2,1,1 to 2,3 to 5,1,3 to 5,1 to 2,Sun,11:30:00,510,826,22,23,7,0,1,1,0,15,0,5,5,0,80,15,Other moss,-0.2704,0.3811,-0.7055,0,3,2,5,3,0.100591419,-0.110647246,-0.205773704,-0.5738,-0.11384,0.44212,51.5,15.5,20
RMB,2017,17-Feb,2/1/2017,Bog Forest,BF04,BF0402,23,23,19,4,19,0,19,0,Muck,Muck,NA,NA,NA,1,1 to 2,3 to 5,1,3 to 5,1 to 2,1,3 to 5,1 to 2,Sun,12:23:00,502,1229,29,22,7,0,1,1,0,5,0,65,1,0,100,0,Other moss-trunk,0.3762,0.6817,-0.433,0,7,2,9,3,0.09372496,0.061924589,-0.026335409,-0.8529,0.19578,-0.04204,4.5,1.5,20.5
RMB,2017,17-Feb,2/1/2017,Bog Forest,BF04,BF0403,8,7,6,1,7,0,6,1,Muck,Muck,NA,NA,NA,1,3 to 5,1 to 2,1,3 to 5,1 to 2,1,3 to 5,1 to 2,Sun,13:35:00,113,1291,0,46,0,1,1,1,0,15,0,70,45,0,55,0,Trunk-other moss-Dicran,0.4964,0.5976,-0.7251,0,7,2,9,3,-0.630657167,-8.06E-05,0.642664224,-0.7172,0.53889,-0.28093,14.0,2.0,10
RMB,2017,17-Feb,2/1/2017,Bog Forest,BF04,BF0404,5,3,3,0,5,0,3,2,Mucky Peat,Mucky Peat,NA,NA,NA,1,3 to 5,1 to 2,1,3 to 5,1 to 2,1,3 to 5,1 to 2,Sun,14:06:00,1204,1371,60,64,48,0,1,1,0,10,0,75,80,0,20,0,Dicran-trunk,0.4479,0.9361,0.1647,0,4,3,7,3,0.396890877,0.026030661,-0.358772607,-0.5878,0.85633,-0.58308,12.5,2.0,50
RMB,2017,17-Feb,2/7/2017,Bog Forest,BF05,BF0501,6,1,1,0,6,0,1,5,Peat,Peat,NA,NA,NA,1,1 to 2,3 to 5,1,3 to 5,1 to 2,1,3 to 5,1 to 2,PS,13:32:00,124,1181,9,22,4,0,1,25,0,15,0,55,15,1,90,0,Other moss-trunk,0.3046,0.6146,-0.0353,0,9,7,16,1,-0.479481086,0.078565671,0.562483832,-0.6506,0.0231,-0.13039,23.5,2.0,40.5
RMB,2017,17-Feb,2/7/2017,Bog Forest,BF05,BF0502,8,4,3,1,7,0,3,4,Muck,Muck,NA,NA,NA,1,1 to 2,3 to 5,1,3 to 5,1 to 2,1,3 to 5,1 to 2,PS,14:40:00,427,1028,-4,67,25,1,1,15,1,25,0,60,45,1,55,0,Trunk-other moss-Dicran,0.144,0.8353,0.016,0,14,4,18,1,0.088272696,0.048537744,-0.034779141,-0.6026,0.29809,-0.44809,18.5,2.0,45.5
RMB,2017,17-Feb,2/7/2017,Bog Forest,BF05,BF0503,4,4,4,0,4,1,3,0,Decaying SPMA,Moss,NA,NA,NA,1,1 to 2,1 to 2,1,3 to 5,1 to 2,1,3 to 5,1 to 2,PS,15:21:00,501,922,41,47,21,0,0,0,0,15,0,1,1,70,25,0,Sphagnum,-0.2532,0.0645,0.433,7,40,0,47,1,0.157682546,0.00127555,-0.151451186,0.6478,0.54412,0.23283,27.0,11.0,60
RMB,2017,17-Feb,2/7/2017,Bog Forest,BF05,BF0504,2,2,2,0,2,2,0,0,Decaying SPMA,Moss,NA,NA,NA,1,1 to 2,1 to 2,1,3 to 5,1 to 2,1,3 to 5,1 to 2,PS,16:05:00,498,620,39,43,51,0,0,0,0,15,0,0,0,100,0,0,Sphagnum,-0.2254,-0.2028,0.6126,19,17,3,39,1,0.230166852,-0.094537321,-0.321182034,1.0774,0.7603,0.11864,31.5,16.0,50
RMB,2017,17-Feb,2/11/2017,Bog Forest,BF06,BF0601,23,15,7,8,15,0,7,8,Mucky Peat,Mucky Peat,NA,NA,NA,1,1 to 2,3 to 5,1,1 to 2,1 to 2,1,1 to 2,3 to 5,OC,11:34:00,26,146,7,10,11,0,1,35,0,5,0,50,25,0,75,0,Other moss-trunk,0.2187,0.5549,-0.3048,0,7,10,17,0,-0.676723499,-0.412583925,0.321589781,-0.6046,-0.09422,-0.32103,22.5,6.0,25
RMB,2017,17-Feb,2/11/2017,Bog Forest,BF06,BF0602,23,15,12,3,20,0,12,8,Muck,Muck,NA,NA,NA,1,1 to 2,3 to 5,1,1 to 2,1 to 2,1,1 to 2,3 to 5,OC,12:28:00,72,428,3,-1,-9,1,1,55,0,5,0,50,5,0,95,0,Other moss-trunk,0.4506,0.6736,0.2049,0,6,6,12,0,-0.23436435,0.054506988,0.346321546,-0.6031,-0.12673,-0.26684,12.0,0.5,45
RMB,2017,17-Feb,2/11/2017,Bog Forest,BF06,BF0603,12,6,5,1,11,0,5,6,Peat,Peat,NA,NA,NA,1,1 to 2,1 to 2,1,1 to 2,3 to 5,1,1 to 2,3 to 5,OC,12:21:00,867,1028,-10,-2,2,1,1,55,0,10,0,60,20,1,85,0,Other moss-trunk,0.2245,0.7337,0.1783,0,16,5,21,0,0.846322251,0.435056334,-0.35381571,-0.5665,-0.07551,-0.32623,10.0,2.0,55
RMB,2017,17-Feb,2/11/2017,Bog Forest,BF06,BF0604,31,16,4,12,19,0,4,15,Mucky Peat,Mucky Peat,NA,NA,NA,1,1 to 2,1 to 2,1,1 to 2,3 to 5,1,1 to 2,3 to 5,OC,14:03:00,49,308,7,-4,30,1,1,45,0,5,0,50,20,1,80,0,Other moss-trunk,0.3588,0.6358,0.0879,0,14,12,26,0,-0.47825762,-0.171765564,0.37056491,-0.5681,-0.12584,-0.29805,33.5,1.5,50.5
RMB,2018,18-Mar,3/31/2018,Bog Forest,BF07,BF0701,8,8,6,2,6,1,5,0,Mucky Peat,Mucky Peat,1,0,SW,1,3 to 5,1 to 2,1,3 to 5,1 to 2,1,3 to 5,3 to 5,Sun,11:54:00,657.47,733.15,12,16,31,0,1,20,1,5,0,1,0,70,15,0,Sphagnum,-0.3272,0.1648,0.5167,13,26,1,40,0,0.517446744,0.124392984,-0.365457848,0.8784,0.2667,-0.05638,19.0,1.5,50
RMB,2018,18-Mar,3/31/2018,Bog Forest,BF07,BF0702,8,6,6,0,8,0,6,2,Mucky Peat,Mucky Peat,1.5,0,SE,1,3 to 5,1 to 2,1,3 to 5,1 to 2,1,3 to 5,3 to 5,Sun,12:36:00,232.57,787.62,14,-12,11,1,1,75,1,1,1,25,1,1,100,0,Other moss,0.1511,0.7211,0.3756,3,12,2,17,0,0.005060545,0.090266075,0.116988297,-0.532,-0.30566,-0.37205,10.0,1.5,70.5
RMB,2018,18-Mar,3/31/2018,Bog Forest,BF07,BF0703,17,16,16,0,17,8,8,1,Mucky Peat,Mucky Peat,1.5,0,W,1,3 to 5,1 to 2,1,3 to 5,3 to 5,1,3 to 5,3 to 5,Sun,12:41:00,257.65,428.64,14,32,41,0,1,10,0,5,0,10,1,75,1,0,Sphagnum,-0.3435,-0.0134,0.4642,25,22,0,47,0,0.049536999,-0.173957964,-0.191712197,0.9762,0.55304,-0.11942,10.5,7.0,35
RMB,2018,18-Mar,3/31/2018,Bog Forest,BF07,BF0704,11,2,1,1,10,0,1,9,Decaying SPMA,Moss,2,0.5,NE,1,3 to 5,3 to 5,1,3 to 5,3 to 5,1,3 to 5,3 to 5,Sun,14:27:00,143.33,714.68,48,63,64,0,1,10,0,5,0,1,1,95,1,0,Sphagnum,-0.2639,0.0166,0.6398,3,8,3,14,0,-0.220848949,0.029932273,0.284999782,1.1171,0.56666,0.02656,5.0,2.0,45
RMB,2018,18-Apr,4/1/2018,Bog Forest,BF08,BF0801,14,13,10,3,11,0,10,1,Mucky Peat,Mucky Peat,1,0,N,1,1 to 2,6 to 12,1,3 to 5,3 to 5,1,3 to 5,3 to 5,Sun,15:31:00,257.89,648.61,51,69,-4,1,1,10,1,15,0,0,15,0,80,0,Other moss,0.1938,0.4482,-0.3958,0,11,2,13,0,0.033555721,-0.045132273,-0.011555348,-0.599,-0.20465,0.30044,23.5,11.5,25
RMB,2018,18-Apr,4/1/2018,Bog Forest,BF08,BF0802,13,13,13,0,13,0,13,0,Muck,Muck,1,1,S,1,1 to 2,6 to 12,1,3 to 5,3 to 5,1,3 to 5,1 to 2,Sun,11:23:00,411.4,780.9,5,18,27,0,1,25,0,10,0,0,15,0,85,0,Other moss,0.0299,0.5392,-0.562,2,17,0,19,0,0.309575672,0.120029975,-0.13377335,-0.5336,-0.32754,0.06125,23.5,10.5,25
RMB,2018,18-Apr,4/1/2018,Bog Forest,BF08,BF0803,9,9,9,0,9,3,6,0,Muck,Muck,1,0,W,1,1 to 2,1 to 2,1,3 to 5,3 to 5,1,3 to 5,1 to 2,Sun,12:01:00,159.99,915.45,15,-2,13,1,1,20,10,5,0,0,1,0,90,0,Other moss,-0.2019,0.6307,-0.3427,0,13,1,14,0,-0.20286937,0.081143,0.345437305,-0.5804,-0.35595,0.00121,51.0,20.5,30
RMB,2018,18-Apr,4/1/2018,Bog Forest,BF08,BF0804,22,22,22,0,22,20,2,0,Muck,Muck,0.5,0,NE,1,1 to 2,1 to 2,1,3 to 5,3 to 5,1,3 to 5,1 to 2,Sun,12:02:00,739.33,787.84,-1,-7,2,1,1,25,5,15,0,0,0,0,100,0,Other moss,-0.7613,0.152,-1.1754,2,2,0,4,0,0.461876121,0.015946398,-0.384504788,-0.569,-0.2785,0.03154,77.0,40.5,1
RMB,2018,18-Apr,4/1/2018,Bog Forest,BF09,BF0901,23,19,19,0,23,0,19,4,Decaying SPMA,Moss,2,0.5,SW,1,3 to 5,1 to 2,1,3 to 5,1 to 2,1,3 to 5,3 to 5,Sun,14:08:00,96.22,828.29,54,50,30,0,1,1,0,15,0,0,10,90,5,0,Sphagnum,-0.2718,0.1117,0.5952,0,16,3,19,0,-0.124113851,0.147971211,0.499505302,0.9239,0.7083,0.19848,9.0,6.0,71
RMB,2018,18-Apr,4/1/2018,Bog Forest,BF09,BF0902,6,6,6,0,6,0,6,0,Other Moss,Moss,2,0.5,SW,1,3 to 5,1 to 2,1,3 to 5,1 to 2,1,3 to 5,3 to 5,Sun,14:38:00,272.77,465.47,47,13,9,0,1,1,0,20,0,1,20,0,80,0,Other moss,0.49,0.5804,0.084,1,0,5,6,0,0.359164991,-0.072090656,-0.203316672,-0.6786,-0.04361,0.46806,14.5,2.0,65.5
RMB,2018,18-Apr,4/1/2018,Bog Forest,BF09,BF0903,5,1,1,0,5,0,1,4,Mucky Peat,Mucky Peat,2,0,W,1,3 to 5,1 to 2,1,3 to 5,1 to 2,1,3 to 5,6 to 12,Sun,15:26:00,43.7,493.81,80,94,78,0,1,1,0,25,0,0,15,0,85,0,Other moss,0.5722,0.535,0.1602,2,3,4,9,0,-0.436150175,-0.046422471,0.61766668,-0.6968,-0.02419,0.45166,27.5,6.5,55.5
RMB,2018,18-Apr,4/1/2018,Bog Forest,BF09,BF0904,7,6,6,0,7,0,6,1,Other Moss,Moss,1.5,0,SE,1,3 to 5,1 to 2,1,3 to 5,1 to 2,1,3 to 5,6 to 12,Sun,15:28:00,114.21,562.55,55,5,50,0,1,15,0,20,0,1,30,0,70,0,Other moss,0.3793,0.7382,0.132,0,2,65,67,0,-0.018927481,0.010178778,0.257045234,-0.5604,-0.34315,0.31715,9.5,2.0,56
RMB,2017,17-Jan,1/17/2017,Forest,F01,F0101,62,62,12,50,12,10,2,0,Muck,Muck,NA,NA,NA,1,NA,3 to 5,1,NA,1 to 2,1,NA,1 to 2,OC,15:19:00,50,64,20,25,29,0,1,1,1,5,0,1,10,0,85,0,Other moss,0.9062,0.1049,-1.0155,10,1,0,11,15,0.505374157,0.23756563,-0.319872534,-0.7391,-0.16897,0.35118,13.0,2.0,2
RMB,2017,17-Jan,1/17/2017,Forest,F01,F0102,3,3,1,2,1,1,0,0,Muck,Muck,NA,NA,NA,1,NA,1 to 2,1,NA,3 to 5,1,NA,1 to 2,OC,16:20:00,2,1,45,21,41,0,1,5,5,1,1,75,1,1,90,0,Other moss-trunk,0.6159,-0.5131,-1.0703,21,1,2,24,15,-0.817473163,-1.492087983,-0.728112499,-0.8099,0.22035,-0.16897,7.5,1.0,1.5
RMB,2017,17-Jan,1/17/2017,Forest,F01,F0103,16,16,1,15,1,1,0,0,Muck,Muck,NA,NA,NA,1,NA,3 to 5,1,NA,3 to 5,1,NA,1 to 2,OC,16:57:00,3,87,43,120,20,0,0,0,5,10,0,80,1,0,95,0,Other moss-trunk,0.9556,0.1644,0.0297,18,0,1,19,15,-0.527061562,0.565039989,1.035315494,-0.8254,0.28504,-0.07835,42.0,32.0,20.5
RMB,2017,17-Jan,1/18/2017,Forest,F01,F0104,7,7,5,2,5,5,0,0,Peat,Peat,NA,NA,NA,1,NA,3 to 5,1,NA,3 to 5,1,NA,3 to 5,OC,11:22:00,6,8,91,108,2,0,1,20,0,5,1,75,0,20,80,0,Other moss-trunk,0.2059,-0.9268,0.1261,13,1,2,16,15,-0.26290728,-0.503054894,-0.302417596,-0.4299,0.19415,-0.17205,36.5,15.5,0.5
RMB,2017,17-Jan,1/22/2017,Forest,F02,F0201,70,68,36,32,38,33,3,2,Peat,Peat,NA,NA,NA,1,6 to 10,3 to 5,1,11 to 15,1 to 2,1,16 to 20,3 to 5,Sun,12:04:00,337,484,82,97,-7,1,1,5,0,10,1,80,0,10,90,0,Other moss-trunk,0.5495,-0.5529,0.0852,0,1,0,1,15,0.689727952,0.326220964,-0.280137011,-0.6422,0.30456,-0.0424,51.5,25.5,10.5
RMB,2017,17-Jan,1/22/2017,Forest,F02,F0202,47,47,23,24,23,23,0,0,Muck,Muck,NA,NA,NA,1,6 to 10,3 to 5,1,16 to 20,3 to 5,1,16 to 20,3 to 5,Sun,12:50:00,8,438,8,21,31,0,1,20,5,10,1,75,0,10,95,0,Other moss-trunk,0.4723,-0.4437,0.0803,0,0,0,0,15,-0.995875913,0.217598908,1.301031652,-0.5724,0.18134,-0.14543,41.0,15.5,15
RMB,2017,17-Jan,1/22/2017,Forest,F02,F0203,39,38,18,20,19,11,7,1,Muck,Muck,NA,NA,NA,1,3 to 5,1 to 2,1,11 to 15,3 to 5,1,16 to 20,3 to 5,Sun,14:27:00,610,341,27,20,24,0,0,0,0,15,1,25,1,1,100,0,Other moss,0.8423,-1.0296,-0.223,2,6,3,11,15,0.870671032,0.090750481,-0.689927928,-0.7702,0.11728,0.21686,37.0,25.0,5.5
RMB,2017,17-Jan,1/22/2017,Forest,F02,F0204,44,44,3,41,3,2,1,0,Muck,Muck,NA,NA,NA,1,11 to 15,3 to 5,1,16 to 20,3 to 5,1,16 to 20,3 to 5,Sun,14:50:00,60,350,18,30,122,0,0,0,0,15,5,50,1,0,100,0,Other moss-trunk,1.1325,-0.6101,0.0394,1,1,1,3,15,-0.10575996,0.132293002,0.328564322,-0.829,0.17793,0.06725,42.0,30.5,5.5
RMB,2017,17-Jan,1/25/2017,Forest,F03,F0301,16,8,6,2,14,2,4,8,Muck,Muck,NA,NA,NA,1,6 to 10,1 to 2,1,3 to 5,3 to 5,1,16 to 20,1 to 2,OC,12:25:00,46,72,39,21,39,0,0,0,0,15,0,20,5,0,95,0,Other moss,1.0124,-0.6846,-0.4958,6,2,0,8,14,0.019938202,-0.161428347,-0.23582822,-0.7729,0.07884,0.2506,28.0,21.5,6
RMB,2017,17-Jan,1/25/2017,Forest,F03,F0302,13,13,0,13,0,0,0,0,Muck,Muck,NA,NA,NA,1,6 to 10,1 to 2,1,6 to 10,1 to 2,1,16 to 20,1 to 2,OC,13:53:00,195,252,38,58,59,0,0,0,0,5,1,45,10,1,90,0,Other moss-trunk,0.9314,-0.1086,-0.4107,0,0,4,4,14,0.570458128,0.299260197,-0.319036955,-0.8568,0.07406,0.01978,26.0,15.5,6.5
RMB,2017,17-Jan,1/25/2017,Forest,F03,F0303,13,13,0,13,0,0,0,0,Muck,Muck,NA,NA,NA,1,6 to 10,1 to 2,1,16 to 20,1 to 2,1,16 to 20,1 to 2,OC,14:51:00,102,291,45,102,63,0,1,1,1,10,0,60,5,0,95,0,Other moss-trunk,1.0957,-0.3314,-0.1205,6,1,4,11,14,0.31977128,0.391981501,0.024889932,-0.8145,0.18526,-0.01932,67.5,46.0,7
RMB,2017,17-Jan,1/25/2017,Forest,F03,F0304,3,3,0,3,0,0,0,0,Muck,Muck,NA,NA,NA,1,3 to 5,3 to 5,1,16 to 20,1 to 2,1,16 to 20,1 to 2,OC,15:35:00,19,115,50,70,60,0,1,1,1,15,1,80,5,0,95,0,Other moss-trunk,1.3012,-0.4989,0.436,2,0,0,2,14,-0.334982602,0.065312713,0.351541355,-0.8097,0.29586,-0.017,128.0,97.0,1.5
RMB,2017,17-Jan,1/30/2017,Forest,F04,F0401,65,64,15,49,16,10,5,1,Peat,Peat,NA,NA,NA,1,6 to 10,3 to 5,1,11 to 15,3 to 5,1,16 to 20,1 to 2,OC,12:59:00,36,64,33,23,57,0,0,0,0,20,1,55,1,0,100,0,Other moss-trunk,0.7558,-0.2412,-0.4881,7,4,1,12,12,0.108906192,-0.058284605,-0.183102137,-0.8218,0.21214,0.06125,17.0,11.0,16.5
RMB,2017,17-Jan,1/30/2017,Forest,F04,F0402,18,18,0,18,0,0,0,0,Mucky Peat,Mucky Peat,NA,NA,NA,1,6 to 10,3 to 5,1,11 to 15,3 to 5,1,16 to 20,3 to 5,OC,14:27:00,9,43,55,60,76,0,1,1,1,5,1,95,1,1,95,0,Other moss-trunk,0.6594,0.2484,0.1028,3,1,2,6,12,-0.508846701,-0.249124818,0.246246336,-0.8292,0.33853,-0.09722,27.0,16.5,41
RMB,2017,17-Jan,1/30/2017,Forest,F04,F0403,7,7,3,4,3,3,0,0,Muck,Muck,NA,NA,NA,1,6 to 10,1 to 2,1,11 to 15,1 to 2,1,16 to 20,1 to 2,OC,15:08:00,49,285,4,18,33,0,1,1,1,5,1,85,1,5,95,0,Other moss-trunk,0.6176,-0.7117,-0.2146,2,1,1,4,12,0.257854461,0.602480442,0.33166917,-0.7612,0.33254,-0.074,52.5,26.5,6.5
RMB,2017,17-Jan,1/30/2017,Forest,F04,F0404,98,98,70,40,58,58,12,0,Mucky Peat,Mucky Peat,NA,NA,NA,1,6 to 10,3 to 5,1,11 to 15,1 to 2,1,16 to 20,1 to 2,OC,16:10:00,24,25,46,16,52,0,0,0,0,5,1,80,10,1,100,0,Other moss-trunk,0.6782,0.1963,-0.2744,8,5,4,17,12,0.022962311,-0.377898049,-0.415250843,-0.8582,0.28436,-0.07121,18.0,11.5,22
RMB,2017,17-Feb,2/2/2017,Forest,F05,F0501,9,9,2,7,2,2,0,0,Muck,Muck,NA,NA,NA,1,6 to 10,3 to 5,1,6 to 10,1 to 2,1,11 to 15,1 to 2,"OC, PS",12:04:00,14,41,77,49,23,0,1,15,10,20,1,55,5,1,75,0,Other moss-trunk,0.7043,0.1653,0.0452,2,0,3,5,17,-0.171969269,-0.032630325,0.038901844,-0.6314,0.08913,-0.19601,36.5,16.0,37
RMB,2017,17-Feb,2/2/2017,Forest,F05,F0502,70,68,13,45,25,13,0,2,Mucky Peat,Mucky Peat,NA,NA,NA,1,6 to 10,3 to 5,1,6 to 10,1 to 2,1,11 to 15,1 to 2,"OC, PS",13:42:00,12,22,7,11,31,0,1,5,1,10,0,60,5,0,80,0,Other moss-trunk,0.7122,0.2282,0.0297,1,1,2,4,17,-0.315672912,-0.386371001,-0.164512542,-0.7477,0.15483,-0.09976,26.5,15.5,41
RMB,2017,17-Feb,2/2/2017,Forest,F05,F0503,11,11,1,10,1,1,0,0,Muck,Muck,NA,NA,NA,1,6 to 10,3 to 5,1,11 to 15,1 to 2,1,11 to 15,1 to 2,"OC, PS",14:31:00,27,38,23,31,109,0,0,0,0,20,1,90,1,1,100,0,Other moss-trunk,0.6234,0.2913,0.3126,1,3,11,15,17,0.067257198,-0.11878123,-0.279334144,-0.8255,0.34887,0.01589,37.0,21.5,71.5
RMB,2017,17-Feb,2/2/2017,Forest,F05,F0504,18,15,3,12,6,1,2,3,Muck,Muck,NA,NA,NA,1,6 to 10,3 to 5,1,11 to 15,1 to 2,1,11 to 15,1 to 2,"OC, PS",15:27:00,22,33,70,33,27,0,1,1,0,15,1,60,5,0,100,0,Other moss-trunk,1.0294,-0.2221,-0.2821,4,1,3,8,17,-0.021683885,-0.180050886,-0.251662718,-0.8108,0.20859,0.02931,32.0,21.0,7
RMB,2017,17-Feb,2/10/2017,Forest,F06,F0601,12,12,0,12,0,0,0,0,Muck,Muck,NA,NA,NA,1,6 to 10,1 to 2,1,6 to 10,1 to 2,1,11 to 15,1 to 2,"OC, PS",12:04:00,80,458,20,53,83,0,0,0,0,20,1,90,10,0,90,0,Other moss-trunk,1.0091,-0.1391,-0.141,3,13,7,23,21,0.261380505,0.630691916,0.324255283,-0.8081,0.38,0.00385,51.5,35.0,21
RMB,2017,17-Feb,2/10/2017,Forest,F06,F0602,41,41,2,39,2,2,0,0,Muck,Muck,NA,NA,NA,1,6 to 10,1 to 2,1,6 to 10,1 to 2,1,11 to 15,1 to 2,"OC, PS",13:44:00,284,227,48,44,34,0,0,0,0,15,1,45,5,0,95,0,Other moss-trunk,0.7924,0.2153,0.1692,1,5,5,11,21,0.734852004,0.242472795,-0.530812691,-0.8101,0.15621,0.0901,57.0,36.5,41.5
RMB,2017,17-Feb,2/10/2017,Forest,F06,F0603,28,28,3,25,3,3,0,0,Muck,Muck,NA,NA,NA,1,6 to 10,1 to 2,1,6 to 10,3 to 5,1,6 to 10,1 to 2,"OC, PS",14:57:00,31,86,24,24,32,0,0,0,0,20,0,45,1,0,100,0,Other moss-trunk,0.94,-0.1174,0.0315,2,1,5,8,21,-0.19635705,-0.148825755,0.00961655,-0.8169,0.17469,0.10672,48.0,27.0,16.5
RMB,2017,17-Feb,2/10/2017,Forest,F06,F0604,23,23,2,21,2,2,0,0,Muck,Muck,NA,NA,NA,1,6 to 10,1 to 2,1,6 to 10,3 to 5,1,6 to 10,1 to 2,"OC, PS",15:47:00,36,102,50,55,22,0,0,0,0,30,1,75,1,0,100,0,Other moss-trunk,1.239,-0.5063,0.0183,7,0,0,7,21,-0.056323555,0.001802326,0.018777463,-0.8312,0.32675,0.0415,66.5,50.5,2
RMB,2018,18-Mar,3/29/2018,Forest,F07,F0701,25,17,4,13,12,0,4,8,Mucky Peat,Mucky Peat,4.5,0,E,1,6 to 10,3 to 5,1,6 to 10,3 to 5,1,11 to 15,3 to 5,Sun,15:37:00,10.55,22.02,45,18,4,0,1,5,0,5,0,30,1,1,95,0,Other moss,1.0145,-0.5944,-0.1515,12,2,2,16,28,-0.024550603,-0.199080558,-0.115876932,-0.7703,-0.00062,0.10307,37.5,26.0,36.5
RMB,2018,18-Mar,3/29/2018,Forest,F07,F0702,11,11,0,11,0,0,0,0,Muck,Muck,8,0,NE,1,6 to 10,1 to 2,1,6 to 10,3 to 5,1,11 to 15,3 to 5,Sun,16:14:00,15.03,33.8,46,62,93,0,1,5,0,10,1,50,1,0,100,0,Other moss-trunk,0.6912,0.4159,0.3112,2,0,3,5,28,0.129155918,-0.012981172,-0.083484067,-0.7781,0.12486,0.01329,32.0,16.0,66
RMB,2018,18-Mar,3/29/2018,Forest,F07,F0703,43,43,7,36,7,6,1,0,Mucky Peat,Mucky Peat,8,2,SE,1,6 to 10,3 to 5,1,11 to 15,1 to 2,1,11 to 15,1 to 2,Sun,17:06:00,7.09,23.08,19,1,30,0,1,1,0,15,0,25,0,0,100,0,Other moss,0.878,-0.2954,-0.7867,2,1,0,3,28,-0.082836486,-0.061053348,0.077147783,-0.7812,0.09611,0.2136,13.0,11.5,6.5
RMB,2018,18-Mar,3/29/2018,Forest,F07,F0704,20,20,2,18,2,2,0,0,Muck,Muck,4.5,0,NW,1,6 to 10,6 to 12,1,6 to 10,1 to 2,1,11 to 15,1 to 2,Sun,11:20:00,5.06,20.18,67,45,38,0,1,10,0,10,0,55,1,0,100,0,Other moss-trunk,0.7526,0.2546,0.4271,6,1,0,7,28,-0.270462381,-0.152426245,0.165328858,-0.75,0.11831,-0.02729,52.0,35.5,81
RMB,2018,18-Mar,3/28/2018,Forest,F08,F0801,16,16,3,13,3,3,0,0,Peat,Peat,4.5,3,W,1,6 to 10,1 to 2,1,11 to 15,1 to 2,1,11 to 15,3 to 5,OC,13:46:00,7.2,41.3,-4,2,29,1,1,25,0,5,0,50,0,0,100,0,Other moss-trunk,0.7682,0.2356,0.2531,6,0,0,6,15,-0.161223266,0.023598511,0.315642763,-0.701,-0.01791,-0.12866,47.5,31.5,46.5
RMB,2018,18-Mar,3/28/2018,Forest,F08,F0802,10,10,0,10,0,0,0,0,Mucky Peat,Mucky Peat,7,0.5,E,1,6 to 10,1 to 2,1,11 to 15,1 to 2,1,11 to 15,3 to 5,OC,15:28:00,5.98,55.8,63,57,54,0,1,20,0,15,0,45,0,0,100,0,Other moss-trunk,0.7337,0.3956,0.4079,7,0,0,7,15,-0.211106987,0.184511514,0.526958222,-0.6932,0.02044,-0.03628,52.5,46.5,57
RMB,2018,18-Mar,3/28/2018,Forest,F08,F0803,28,28,2,26,2,2,0,0,Muck,Muck,5,2,SW,1,6 to 10,1 to 2,1,6 to 10,3 to 5,1,11 to 15,1 to 2,OC,16:13:00,14.24,73.62,30,13,3,0,1,5,0,5,0,75,0,0,100,0,Other moss-trunk,0.9002,0.0265,0.3158,15,1,2,18,15,0.240794507,0.381399488,0.270511031,-0.8101,0.22312,-0.09997,62.0,56.0,26.5
RMB,2018,18-Mar,3/28/2018,Forest,F08,F0804,18,7,2,5,13,0,2,11,Muck,Muck,4,0,SW,1,6 to 10,3 to 5,1,6 to 10,3 to 5,1,11 to 15,1 to 2,OC,17:12:00,7.97,12,35,30,-3,1,1,10,0,20,0,50,1,1,100,0,Other moss-trunk,1.0094,-0.4354,0.0024,4,0,1,5,15,0.103063181,-0.288806359,-0.265251868,-0.7185,0.12253,0.02537,51.5,35.5,16
RMB,2018,18-Apr,4/2/2018,Forest,F09,F0901,14,14,9,5,9,9,0,0,Muck,Muck,6,1,NW,1,6 to 10,1 to 2,1,11 to 15,1 to 2,1,11 to 15,3 to 5,"OC, PS",11:23:00,3.49,4.55,15,12,16,0,1,10,1,5,1,35,1,0,100,0,Other moss-trunk,0.9717,-0.2767,-0.4572,5,1,0,6,9,-0.372988217,-0.666207869,-0.317350474,-0.762,-0.00558,0.03231,23.5,7.0,6.5
RMB,2018,18-Apr,4/2/2018,Forest,F09,F0902,34,34,1,33,1,1,0,0,Other Moss,Moss,7,0.5,N,1,6 to 10,1 to 2,1,11 to 15,1 to 2,1,11 to 15,1 to 2,"OC, PS",12:06:00,46.27,79.9,36,29,48,0,0,0,0,15,0,15,0,0,100,0,Other moss,1.1775,-0.5836,-0.2394,6,7,6,19,9,0.647212263,0.470401333,-0.195289164,-0.7769,0.0775,0.28353,27.5,16.5,11.5
RMB,2018,18-Apr,4/2/2018,Forest,F09,F0903,8,8,0,8,0,0,0,0,Muck,Muck,4.5,2,N,1,6 to 10,1 to 2,1,11 to 15,1 to 2,1,11 to 15,3 to 5,"OC, PS",12:45:00,8.47,27.48,30,50,50,0,0,0,0,25,0,90,0,0,100,0,Other moss-trunk,0.8234,0.2133,0.5679,8,2,6,16,9,-0.151267777,-0.058379524,0.078596874,-0.8402,0.3661,0.02329,88.0,47.0,101.5
RMB,2018,18-Apr,4/2/2018,Forest,F09,F0904,25,24,12,12,13,11,1,1,Other Moss,Moss,2.5,0,S,1,6 to 10,1 to 2,1,6 to 10,3 to 5,1,11 to 15,1 to 2,"OC, PS",14:00:00,13.64,63.04,18,64,62,0,0,0,0,20,0,35,1,0,100,0,Other moss-trunk,1.0074,-0.2449,0.2681,9,5,9,23,9,0.03997028,0.284091258,0.23226539,-0.805,0.14975,0.16419,92.5,36.5,21.5
LC,2017,17-Mar,3/6/2017,Transition,R01,R0101,225,225,128,97,128,128,0,0,Muck,Muck,NA,NA,NA,1,3 to 5,3 to 5,1,6 to 10,1 to 2,1,6 to 10,3 to 5,PS,12:59:00,455.14,594.58,27,8,8,0,0,0,1,15,0,1,10,0,70,1,Other moss,0.8205,1.0617,,1,0,0,1,4,-0.208504844,-0.058152968,0.080834633,0.9276,1.0962,NA,23.0,15.5,0.5
LC,2017,17-Mar,3/6/2017,Transition,R01,R0102,64,64,57,7,57,46,11,0,Decaying SPMA,Moss,NA,NA,NA,1,3 to 5,1 to 2,1,6 to 10,1 to 2,1,6 to 10,3 to 5,PS,13:43:00,846.28,779.42,11,9,14,0,0,0,0,20,0,1,1,5,5,1,Litter-Sphagnum-other moss,-0.1214,0.7184,,6,2,0,8,4,0.045171326,0.041279586,-0.07097319,0.1124,1.2288,NA,67.5,21.0,0.5
LC,2017,17-Mar,3/6/2017,Transition,R01,R0103,38,38,21,17,21,20,1,0,Muck,Muck,NA,NA,NA,1,3 to 5,1 to 2,1,6 to 10,1 to 2,1,6 to 10,3 to 5,PS,13:44:00,1062.43,1046.74,5,2,9,0,0,0,0,5,1,1,10,20,20,0,Sphagnum-other moss-Dicran,0.6057,1.2362,,4,0,0,4,4,0.143957574,0.169346861,-0.041692163,0.3012,0.4164,NA,78.0,11.0,0.5
LC,2017,17-Mar,3/6/2017,Transition,R01,R0104,13,13,7,6,7,6,1,0,Mucky Peat,Mucky Peat,NA,NA,NA,1,3 to 5,1 to 2,1,6 to 10,1 to 2,1,6 to 10,3 to 5,PS,13:45:00,1109.38,554.96,-1,12,27,1,1,1,0,15,1,10,5,5,5,0,Litter-trunk,-0.0552,0.4785,,3,0,0,3,4,0.162737581,-0.106230279,-0.336049309,0.3409,1.0762,NA,33.0,21.0,0.5
LC,2017,17-Mar,3/7/2017,Transition,R02,R0201,19,19,12,7,12,12,0,0,Muck,Muck,NA,NA,NA,1,3 to 5,1 to 2,1,3 to 5,3 to 5,1,3 to 5,1 to 2,OC,11:51:00,288.11,416.09,9,16,15,0,0,0,0,5,0,1,10,1,1,90,Cush,1.2643,0.26,,12,0,0,12,10,0.078089822,0.076561264,0.031678824,1.2308,-0.9066,NA,41.5,35.5,1
LC,2017,17-Mar,3/7/2017,Transition,R02,R0202,4,4,4,0,4,1,3,0,Decaying SPMA,Moss,NA,NA,NA,1,3 to 5,1 to 2,1,3 to 5,1 to 2,1,3 to 5,1 to 2,OC,11:53:00,232.72,341.44,46,21,16,0,0,0,0,1,0,1,15,15,5,20,Cush-Sphagnum-Dicran,0.7943,-0.2373,,0,0,1,1,10,-0.014634802,-0.009311617,0.038530567,0.6734,-0.2851,NA,51.5,50.5,0.5
LC,2017,17-Mar,3/7/2017,Transition,R02,R0203,7,7,6,1,6,3,3,0,Muck,Muck,NA,NA,NA,1,3 to 5,1 to 2,1,3 to 5,1 to 2,1,3 to 5,3 to 5,OC,11:54:00,275.98,382.65,17,9,9,0,0,0,0,10,1,1,25,1,5,15,Dicran-cush-litter,1.0664,-0.3505,,1,0,0,1,10,0.0594091,0.040175703,0.013973985,1.1067,0.1699,NA,47.0,36.5,0.5
LC,2017,17-Mar,3/7/2017,Transition,R02,R0204,8,7,7,0,8,1,6,1,Muck,Muck,NA,NA,NA,1,3 to 5,3 to 5,1,3 to 5,1 to 2,1,3 to 5,3 to 5,OC,13:24:00,204.35,327.55,23,18,30,0,0,0,1,5,0,1,35,1,1,20,Dicran-cush,1.1645,-0.2947,,4,0,0,4,10,-0.13215782,-0.092599216,0.07695284,1.3237,-0.0553,NA,56.5,51.0,0.5
LC,2017,17-Mar,3/8/2017,Transition,R03,R0301,69,68,28,40,29,27,1,1,Mucky Peat,Mucky Peat,NA,NA,NA,1,3 to 5,1 to 2,1,3 to 5,3 to 5,1,3 to 5,3 to 5,PS,12:02:00,538.83,619.28,0,18,13,1,1,1,0,1,0,10,20,45,1,15,Sphagnum-Dicran-cush,0.2839,-0.2646,,32,0,0,32,10,0.167031963,0.119275595,-0.042608917,0.0574,-0.3975,NA,47.5,46.0,1
LC,2017,17-Mar,3/8/2017,Transition,R03,R0302,80,80,14,66,14,12,2,0,Mucky Peat,Mucky Peat,NA,NA,NA,1,3 to 5,1 to 2,1,3 to 5,1 to 2,1,3 to 5,3 to 5,PS,12:03:00,235.06,361.21,7,12,14,0,0,0,0,1,0,1,25,10,1,35,Cush-Dicran-Sphagnum,0.9018,-0.0119,,29,0,0,29,10,-0.193241073,-0.114851694,0.083536829,0.9771,-0.5021,NA,37.5,31.5,1
LC,2017,17-Mar,3/8/2017,Transition,R03,R0303,10,10,0,10,0,0,0,0,Muck,Muck,NA,NA,NA,1,3 to 5,1 to 2,1,3 to 5,1 to 2,1,3 to 5,3 to 5,PS,12:05:00,317.29,521.5,8,15,20,0,0,0,0,10,0,20,25,0,30,0,Other moss-Dicran-trunk,1.0778,0.9174,,3,0,0,3,10,-0.06296342,0.044642853,0.112753724,1.1139,0.7747,NA,28.0,22.0,0.5
LC,2017,17-Mar,3/8/2017,Transition,R03,R0304,17,17,11,6,11,8,3,0,Muck,Muck,NA,NA,NA,1,3 to 5,3 to 5,1,3 to 5,1 to 2,1,3 to 5,3 to 5,PS,12:06:00,472.17,439.14,6,5,14,0,0,0,0,5,10,0,15,10,1,5,Dicran-Sphagnum-wood,0.667,0.727,,10,0,0,10,10,0.109678586,-0.030008462,-0.134539597,0.6554,0.4843,NA,42.0,20.5,0.5
LC,2017,17-Mar,3/9/2017,Transition,R04,R0401,22,22,9,13,9,8,1,0,Mucky Peat,Mucky Peat,NA,NA,NA,1,3 to 5,1 to 2,1,3 to 5,1 to 2,1,3 to 5,1 to 2,OC,11:17:00,173.6,214,9,13,5,0,0,0,0,1,0,0,5,15,1,70,Cush,0.7598,0.3315,,7,0,0,7,6,0.002921903,-0.012425397,-0.012710867,0.7963,-0.9241,NA,33.0,21.0,0.5
LC,2017,17-Mar,3/9/2017,Transition,R04,R0402,14,13,7,6,8,6,1,1,Mucky Peat,Mucky Peat,NA,NA,NA,1,3 to 5,3 to 5,1,3 to 5,1 to 2,1,3 to 5,1 to 2,OC,11:18:00,159.87,206.96,14,22,20,0,0,0,0,5,0,1,10,0,10,40,Cush-Sphagnum-other moss,1.3036,0.3668,,1,0,0,1,6,-0.032860843,-0.026952754,0.008544521,1.3092,-0.2317,NA,17.5,11.0,0.5
LC,2017,17-Mar,3/9/2017,Transition,R04,R0403,8,6,4,2,6,3,1,2,Mucky Peat,Mucky Peat,NA,NA,NA,1,3 to 5,1 to 2,1,3 to 5,1 to 2,1,3 to 5,1 to 2,OC,11:20:00,168.6,224.09,11,4,7,0,0,0,0,5,0,1,25,1,15,25,Cush-Dicran-other moss,1.1805,-0.1119,,4,0,0,4,6,-0.009770248,0.007583307,0.019989987,1.2126,0.0311,NA,42.0,25.5,0.5
LC,2017,17-Mar,3/9/2017,Transition,R04,R0404,2,2,1,1,1,1,0,0,Mucky Peat,Mucky Peat,NA,NA,NA,1,1 to 2,3 to 5,1,3 to 5,1 to 2,1,3 to 5,1 to 2,OC,11:21:00,179.12,230.78,12,9,20,0,0,0,0,5,0,1,15,1,40,20,Other moss-cush-Dicran,1.2668,-0.1256,,1,0,0,1,6,0.016516263,0.020358999,0.006479169,1.2257,0.3256,NA,33.0,21.5,0.5
LC,2018,18-Mar,3/14/2018,Transition,R05,R0501,6,5,5,0,6,1,4,1,Muck,Muck,2,2.5,NW,1,3 to 5,1 to 2,1,3 to 5,1 to 2,1,3 to 5,1 to 2,"OC, PS",14:14:00,292.25,345.2,16,12,10,0,0,0,1,1,1,1,85,15,1,1,Dicran,0.7194,-1.0621,,9,3,0,12,5,0.039204627,-0.025772213,-0.044349759,0.5073,-1.044,NA,77.5,76.5,10.5
LC,2018,18-Mar,3/14/2018,Transition,R05,R0502,4,4,1,3,1,1,0,0,Peat,Peat,2,1,NW,1,3 to 5,1 to 2,1,3 to 5,1 to 2,1,3 to 5,1 to 2,"OC, PS",15:45:00,349.71,412.34,36,24,16,0,0,0,1,5,1,1,20,25,1,1,Sphagnum-Dicran,0.4722,-0.5849,,30,0,1,31,5,0.222998439,0.158167683,-0.045118611,0.2163,0.1441,NA,47.0,46.0,20.5
LC,2018,18-Mar,3/14/2018,Transition,R05,R0503,16,15,6,9,7,4,2,1,Muck,Muck,1.5,0,NE,1,3 to 5,1 to 2,1,3 to 5,1 to 2,1,3 to 5,1 to 2,"OC, PS",15:47:00,305.88,393.18,25,21,12,0,0,0,1,1,1,1,15,40,5,1,Sphagnum-Dicran,0.0434,0.1918,,21,0,0,21,5,0.164841469,0.137503635,-0.007625689,-0.0157,-0.097,NA,47.5,46.5,0.5
LC,2018,18-Mar,3/14/2018,Transition,R05,R0504,10,4,4,0,10,1,3,6,Muck,Muck,3,1.5,SW,1,3 to 5,1 to 2,1,3 to 5,3 to 5,1,3 to 5,1 to 2,"OC, PS",16:57:00,56.66,116.22,16,39,26,0,0,0,1,25,1,1,1,40,20,1,Sphagnum-litter-other moss,0.0875,-0.2162,,0,0,1,1,5,-0.4531127,-0.274198193,0.195338275,-0.2545,0.4621,NA,57.5,56.0,20
LC,2018,18-Mar,3/12/2018,Transition,R06,R0601,5,5,2,3,2,0,2,0,Mucky Peat,Mucky Peat,1.4,2,W/SW,1,3 to 5,1 to 2,1,3 to 5,3 to 5,1,6 to 10,1 to 2,"OC, PS",16:43:00,89.73,116.75,11,3,30,0,0,0,1,5,1,1,35,5,1,50,Cush-Dicran,1.214,-0.4676,,20,2,0,22,3,-0.092971631,-0.101092597,0.000583885,1.1341,-0.4194,NA,47.0,46.5,15
LC,2018,18-Mar,3/12/2018,Transition,R06,R0602,12,12,3,9,3,2,1,0,Muck,Muck,1.8,2,E,1,3 to 5,1 to 2,1,3 to 5,3 to 5,1,6 to 10,1 to 2,"OC, PS",18:33:00,44.36,57.57,10,0,7,1,1,1,1,1,1,1,10,1,10,85,Cush,1.3797,0.2218,,92,0,0,92,3,-0.085899459,-0.084001595,-0.000530645,1.2671,-0.7448,NA,31.5,26.5,0.5
LC,2018,18-Mar,3/14/2018,Transition,R06,R0603,5,4,4,0,5,1,3,1,Muck,Muck,1.7,0,W,1,3 to 5,1 to 2,1,3 to 5,1 to 2,1,3 to 5,1 to 2,"OC, PS",11:52:00,61.16,101.19,14,31,38,0,1,1,1,1,1,1,55,1,1,45,Dicran-cush,1.3718,-0.4037,,24,0,0,24,3,-0.384686904,-0.287341995,0.105037486,1.3428,-0.5657,NA,21.5,21.0,10
LC,2018,18-Mar,3/14/2018,Transition,R06,R0604,5,5,4,1,4,2,2,0,Muck,Muck,1.2,0,W,1,3 to 5,1 to 2,1,3 to 5,1 to 2,1,3 to 5,1 to 2,"OC, PS",12:42:00,469.51,576.91,16,12,5,0,1,1,1,5,1,1,30,1,5,50,Cush-Dicran,1.2875,-0.2332,,0,0,0,0,3,0.439426515,0.403377671,-0.024169413,1.2378,-0.3554,NA,36.5,20.5,15
LC,2018,18-Mar,3/17/2018,Transition,R07,R0701,3,3,3,0,3,2,1,0,Mucky Peat,Mucky Peat,0.5,1,N,1,3 to 5,1 to 2,1,3 to 5,1 to 2,1,3 to 5,1 to 2,OC,11:19:00,204.33,232.7,13,22,8,0,0,0,1,1,1,1,20,1,10,55,Cush-Dicran,1.2883,0.0907,,6,0,0,6,4,-0.010830252,-0.023719679,-0.02895564,1.2767,-0.4342,NA,41.0,30.0,0
LC,2018,18-Mar,3/17/2018,Transition,R07,R0702,14,14,11,3,11,8,3,0,Decaying SPMA,Moss,0.5,0,SW,1,3 to 5,1 to 2,1,3 to 5,1 to 2,1,3 to 5,1 to 2,OC,11:21:00,194.55,220.71,8,11,8,0,0,0,1,1,1,1,10,10,25,55,Cush-other moss,0.9998,0.2307,,3,0,0,3,4,-0.032131152,-0.046694051,-0.030629113,0.9803,-0.3446,NA,22.0,20.0,0
LC,2018,18-Mar,3/17/2018,Transition,R07,R0703,3,3,3,0,3,0,3,0,Decaying SPMA,Moss,2.5,2,E,1,3 to 5,1 to 2,1,3 to 5,1 to 2,1,3 to 5,1 to 2,OC,13:10:00,356.23,410.62,10,0,26,1,1,1,1,5,1,1,45,1,40,5,Other moss-Dicran,1.2326,-0.8603,,2,0,0,2,4,0.06723056,0.04974705,-0.023710281,1.2064,0.5171,NA,42.5,41.0,0
LC,2018,18-Mar,3/17/2018,Transition,R07,R0704,1,1,0,1,0,0,0,0,Decaying SPMA,Moss,2,2,W,1,3 to 5,1 to 2,1,3 to 5,1 to 2,1,3 to 5,1 to 2,OC,13:12:00,332.7,409.24,14,22,27,0,0,0,1,1,1,1,45,35,20,1,Dicran-Sphagnum,0.3554,-0.8303,,6,2,0,8,4,0.03755287,0.048285027,0.004505387,0.2911,0.0299,NA,61.5,60.5,0
LC,2018,18-Mar,3/17/2018,Transition,R08,R0801,9,6,5,1,8,1,4,3,Decaying SPMA,Moss,2,0,SE,1,3 to 5,3 to 5,1,3 to 5,1 to 2,1,3 to 5,3 to 5,OC,17:25:00,127.01,195.97,26,20,10,0,0,0,1,10,1,1,75,1,15,5,Dicran,1.0315,-0.9057,,2,0,0,2,16,-0.115246837,-0.045057036,0.083659248,1.192,0.4624,NA,47.5,46.0,20
LC,2018,18-Mar,3/17/2018,Transition,R08,R0802,17,17,14,3,14,10,4,0,Muck,Muck,3,0,W,1,3 to 5,3 to 5,1,3 to 5,1 to 2,1,3 to 5,3 to 5,OC,17:27:00,171.39,234.74,8,20,34,0,0,0,1,1,1,1,15,35,10,40,Cush-Sphagnum,0.3785,0.0194,,4,0,0,4,16,0.014900726,0.033340471,0.031909193,0.3755,-0.319,NA,33.0,26.5,0.5
LC,2018,18-Mar,3/18/2018,Transition,R08,R0803,11,8,3,5,6,0,3,3,Muck,Muck,1,0,SW,1,3 to 5,3 to 5,1,3 to 5,3 to 5,1,3 to 5,3 to 5,OC,11:04:00,227.24,280.62,1,8,2,0,1,1,1,5,1,1,35,1,15,45,Cush-Dicran,1.2221,0.0619,,0,0,0,0,16,0.105429197,0.086560443,-0.0129782,1.22,-0.1783,NA,23.5,21.5,0
LC,2018,18-Mar,3/18/2018,Transition,R08,R0804,14,14,9,5,9,5,4,0,Muck,Muck,1,0,NE,1,3 to 5,3 to 5,1,3 to 5,3 to 5,1,3 to 5,1 to 2,OC,11:05:00,187.96,202.89,2,20,12,0,0,0,1,5,1,1,50,1,10,40,Dicran-Cush,1.2377,-0.3853,,0,0,0,0,16,0.023009853,-0.054297535,-0.071416834,1.2692,-0.2266,NA,36.5,31.0,0
LC,2018,18-Mar,3/19/2018,Transition,R09,R0901,11,9,8,1,10,7,1,2,Muck,Muck,3.5,0,E,1,3 to 5,3 to 5,1,3 to 5,3 to 5,1,3 to 5,1 to 2,PS,15:13:00,232.47,310.34,11,1,4,0,1,5,1,5,1,1,25,30,15,30,Sphagnum-Cush-Dicran,0.5753,-0.2418,,3,1,0,4,1,0.019218362,0.038181893,0.020501569,0.4618,-0.133,NA,37.0,31.0,0.5
LC,2018,18-Mar,3/19/2018,Transition,R09,R0902,7,5,3,2,5,2,1,2,Peat,Peat,2.5,0,SE,1,3 to 5,3 to 5,1,3 to 5,3 to 5,1,6 to 10,1 to 2,PS,15:14:00,275.85,280.26,4,7,12,0,1,10,1,5,1,1,35,10,25,25,Dicran-Cush-other moss,0.9607,-0.1871,,0,0,0,0,1,0.093524435,-0.006094745,-0.098081142,0.9072,0.0422,NA,22.0,16.0,0
LC,2018,18-Mar,3/19/2018,Transition,R09,R0903,23,23,8,15,8,8,0,0,Peat,Peat,1.5,0,NE,1,3 to 5,1 to 2,1,3 to 5,1 to 2,1,6 to 10,1 to 2,PS,15:16:00,265.39,286.27,7,5,5,0,1,20,1,1,1,1,5,60,20,15,Sphagnum-other moss,-0.2145,-0.1652,,20,0,0,20,1,0.076736001,0.003119976,-0.072077987,-0.1555,-0.1246,NA,18.5,2.5,1
LC,2018,18-Mar,3/19/2018,Transition,R09,R0904,41,39,11,28,13,9,2,2,Muck,Muck,2,0,NE,1,3 to 5,1 to 2,1,3 to 5,1 to 2,1,6 to 10,1 to 2,PS,15:17:00,122.06,237.11,7,-3,6,1,1,20,1,10,1,1,10,35,25,40,Cush-Sphagnum,0.4401,-0.044,,5,0,0,5,1,-0.260575188,-0.078705992,0.183407234,0.3387,-0.1393,NA,38.0,16.5,0.5
LC,2017,17-Mar,3/2/2017,Burned Forest,S01,S0101,54,54,52,2,52,51,1,0,Decaying SPMA,Moss,NA,NA,NA,1,1 to 2,1 to 2,1,6 to 10,1 to 2,1,3 to 5,6 to 12,OC,14:59:00,95.79,134.59,30,-4,90,1,1,1,0,5,1,1,1,85,1,0,Sphagnum,-0.6819,-0.3216,,2,17,0,19,4,-0.233738828,-0.224721041,0.022522164,-0.7837,-0.1526,NA,103.0,37.0,25
LC,2017,17-Mar,3/2/2017,Burned Forest,S01,S0102,18,18,18,0,18,17,1,0,Mineral Soil,Mineral Soil,NA,NA,NA,1,3 to 5,1 to 2,1,3 to 5,1 to 2,1,3 to 5,6 to 12,OC,15:32:00,123.63,184.26,-12,-11,60,1,1,20,0,5,0,1,1,5,35,0,Other moss,-0.2313,1.2342,,0,7,1,8,4,-0.047842444,-0.011776407,0.048136742,0.4906,1.287,NA,92.0,31.5,25.5
LC,2017,17-Mar,3/2/2017,Burned Forest,S01,S0103,7,7,7,0,7,7,0,0,Peat,Peat,NA,NA,NA,1,1 to 2,1 to 2,1,3 to 5,1 to 2,1,3 to 5,6 to 12,OC,16:02:00,174.88,248.99,-3,-9,0,1,1,35,0,1,0,1,1,25,15,0,Sphagnum-other moss,-0.057,1.2147,,3,2,0,5,4,0.102773832,0.118974432,0.028271305,-0.2486,0.8768,NA,48.0,17.0,15
LC,2017,17-Mar,3/2/2017,Burned Forest,S01,S0104,1,1,1,0,1,1,0,0,Peat,Peat,NA,NA,NA,1,1 to 2,1 to 2,1,3 to 5,1 to 2,1,3 to 5,6 to 12,OC,16:04:00,199.75,243.17,36,37,50,0,0,0,0,5,10,1,5,5,5,0,Wood,0.2223,1.0887,,1,3,0,4,4,0.160520475,0.108702521,-0.039747249,0.578,1.0707,NA,92.5,56.5,15
LC,2017,17-Mar,3/3/2017,Burned Forest,S02,S0201,0,0,0,0,0,0,0,0,Decaying SPMA,Moss,NA,NA,NA,0,none,none,1,3 to 5,1 to 2,1,3 to 5,3 to 5,OC,14:59:00,70.91,92.96,3,-6,5,1,1,30,0,0,10,1,0,90,0,0,Sphagnum,-0.9022,-0.0131,,0,0,0,0,0,-0.111269975,-0.086099701,0.029603418,-0.9971,-0.3602,NA,33.0,1.5,0
LC,2017,17-Mar,3/3/2017,Burned Forest,S02,S0202,0,0,0,0,0,0,0,0,Decaying SPMA,Moss,NA,NA,NA,0,none,none,1,3 to 5,1 to 2,1,3 to 5,3 to 5,OC,15:26:00,90.62,104.02,1,6,4,0,1,10,0,0,0,1,0,100,0,0,Sphagnum,-0.8969,-0.1673,,0,0,0,0,0,-0.004753402,-0.037278967,-0.028092421,-1.0364,-0.1831,NA,23.0,1.5,0
LC,2017,17-Mar,3/3/2017,Burned Forest,S02,S0203,0,0,0,0,0,0,0,0,Decaying SPMA,Moss,NA,NA,NA,0,none,none,1,3 to 5,1 to 2,1,3 to 5,3 to 5,OC,15:39:00,80.11,98.4,5,17,9,0,0,0,0,1,0,1,0,100,0,0,Sphagnum,-0.9799,-0.0404,,1,0,0,1,0,0.01680196,0.015125643,0.001323155,-1.0085,-0.1538,NA,36.5,6.0,0.5
LC,2017,17-Mar,3/3/2017,Burned Forest,S02,S0204,3,3,1,2,1,1,0,0,Decaying SPMA,Moss,NA,NA,NA,0,none,none,1,3 to 5,1 to 2,1,3 to 5,3 to 5,OC,15:41:00,86.39,110.01,1,0,9,1,1,1,0,5,1,1,0,100,0,0,Sphagnum,-0.9581,-0.0694,,0,0,0,0,0,0.049578702,0.063562709,0.016983479,-0.9498,-0.1111,NA,27.0,6.0,0
LC,2017,17-Mar,3/7/2017,Burned Forest,S03,S0301,5,5,5,0,5,5,0,0,Decaying SPMA,Moss,NA,NA,NA,0,none,none,1,3 to 5,1 to 2,1,3 to 5,1 to 2,OC,14:38:00,136,171.21,8,13,10,0,0,0,0,20,0,1,0,100,1,0,Sphagnum,-0.9611,0.0491,,7,1,0,8,1,-0.005067654,-0.055248776,-0.035317355,-0.9226,0.0297,NA,52.5,7.0,1
LC,2017,17-Mar,3/7/2017,Burned Forest,S03,S0302,5,5,4,1,4,4,0,0,Decaying SPMA,Moss,NA,NA,NA,0,none,none,1,3 to 5,1 to 2,1,3 to 5,1 to 2,OC,14:39:00,122,177.59,9,14,6,0,0,0,0,25,1,1,1,90,1,0,Sphagnum,-0.9486,0.0815,,8,5,0,13,1,-0.052246731,-0.039359396,0.027751103,-0.8619,0.119,NA,58.5,7.0,5
LC,2017,17-Mar,3/7/2017,Burned Forest,S03,S0303,5,5,4,1,4,4,0,0,Decaying SPMA,Moss,NA,NA,NA,1,3 to 5,1 to 2,1,3 to 5,1 to 2,1,3 to 5,1 to 2,OC,14:41:00,124.83,207.37,3,8,6,0,1,10,0,10,10,1,1,85,1,0,Sphagnum,-0.8082,0.1971,,2,3,0,5,1,-0.042287591,0.027968024,0.085119384,-0.8065,0.1657,NA,67.5,26.5,0.5
LC,2017,17-Mar,3/7/2017,Burned Forest,S03,S0304,1,1,1,0,1,1,0,0,Decaying SPMA,Moss,NA,NA,NA,1,3 to 5,1 to 2,1,3 to 5,1 to 2,1,3 to 5,1 to 2,OC,14:43:00,164.35,220.5,17,14,28,0,0,0,0,15,0,0,0,100,1,0,Sphagnum,-0.9594,0.0677,,0,5,0,5,1,0.077163146,0.05463069,-0.007668688,-0.9482,0.0065,NA,58.5,7.0,1
LC,2017,17-Mar,3/8/2017,Burned Forest,S04,S0401,1,1,1,0,1,0,1,0,Decaying SPMA,Moss,NA,NA,NA,1,1 to 2,1 to 2,1,3 to 5,1 to 2,1,3 to 5,3 to 5,"OC, PS",15:58:00,176.14,193.51,14,24,37,0,0,0,0,20,0,1,0,100,0,0,Sphagnum,-0.8132,0.125,,6,3,0,9,0,0.094067886,0.051115737,-0.040599132,-0.9551,0.0425,NA,72.0,11.0,10.5
LC,2017,17-Mar,3/8/2017,Burned Forest,S04,S0402,0,0,0,0,0,0,0,0,Decaying SPMA,Moss,NA,NA,NA,1,1 to 2,1 to 2,1,1 to 2,1 to 2,1,3 to 5,3 to 5,"OC, PS",16:02:00,121.68,177.4,25,25,24,0,0,0,0,10,0,0,0,100,0,0,Sphagnum,-0.805,-0.0749,,0,0,0,0,0,-0.066570905,0.01336594,0.082289861,-0.9739,-0.0515,NA,27.5,6.0,0.5
LC,2017,17-Mar,3/8/2017,Burned Forest,S04,S0403,0,0,0,0,0,0,0,0,Decaying SPMA,Moss,NA,NA,NA,1,1 to 2,1 to 2,1,1 to 2,3 to 5,1,3 to 5,1 to 2,"OC, PS",16:22:00,133.38,156.53,15,18,14,0,0,0,0,1,0,0,0,100,0,0,Sphagnum,-0.8812,-0.1591,,1,1,0,2,0,-0.026699392,-0.04099009,-0.011937681,-1.0389,-0.1535,NA,13.5,1.5,1
LC,2017,17-Mar,3/8/2017,Burned Forest,S04,S0404,0,0,0,0,0,0,0,0,Decaying SPMA,Moss,NA,NA,NA,1,1 to 2,1 to 2,0,none,none,1,3 to 5,1 to 2,"OC, PS",16:23:00,135.86,157.65,18,21,24,0,0,0,0,1,0,0,0,100,0,0,Sphagnum,-0.9543,-0.1937,,1,0,0,1,0,-0.018698495,-0.037893701,-0.016842188,-1.039,-0.1535,NA,19.5,1.5,0
LC,2018,18-Mar,3/16/2018,Burned Forest,S05,S0501,2,2,1,1,1,0,1,0,SPMA,Moss,1,1.5,W,1,1 to 2,1 to 2,1,3 to 5,1 to 2,1,3 to 5,3 to 5,OC,11:21:00,135.46,153.96,15,11,24,0,0,0,1,10,1,1,1,100,1,1,Sphagnum,-0.8122,0.0324,,3,0,0,3,2,-0.085864884,-0.062811124,0.01057824,-0.8322,-0.0637,NA,49.0,11.5,1
LC,2018,18-Mar,3/16/2018,Burned Forest,S05,S0502,5,5,5,0,5,0,5,0,Peat,Peat,1,2,SW,1,1 to 2,1 to 2,1,3 to 5,1 to 2,1,3 to 5,3 to 5,OC,12:41:00,314.82,334.52,9,15,15,0,0,0,1,1,1,1,1,100,1,1,Sphagnum,-0.7567,-0.1135,,0,0,0,0,2,0.117048816,0.101026075,-0.018658817,-0.9169,-0.1667,NA,23.0,11.0,0
LC,2018,18-Mar,3/16/2018,Burned Forest,S05,S0503,9,9,9,0,9,0,9,0,SPMA,Moss,1.5,2,NW,1,1 to 2,1 to 2,1,3 to 5,1 to 2,1,3 to 5,1 to 2,OC,12:39:00,249.11,296.2,26,5,13,0,1,15,1,5,1,1,1,85,15,1,Sphagnum,-0.7035,-0.0353,,0,0,0,0,2,0.015377663,0.048189042,0.030175302,-0.5795,0.0539,NA,28.0,10.5,0
LC,2018,18-Mar,3/16/2018,Burned Forest,S05,S0504,9,7,7,0,9,0,7,2,SPMA,Moss,1.5,2,SW,1,1 to 2,1 to 2,1,3 to 5,1 to 2,1,3 to 5,3 to 5,OC,12:43:00,224.54,223.36,22,22,19,0,0,0,1,1,1,1,1,100,1,1,Sphagnum,-0.7382,-0.1004,,2,0,0,2,2,-0.02971978,-0.074390612,-0.047306908,-0.9169,-0.1667,NA,18.0,16.0,0.5
LC,2018,18-Mar,3/16/2018,Burned Forest,S06,S0601,1,1,1,0,1,0,1,0,SPMA,Moss,1,2.5,SW,1,1 to 2,1 to 2,1,1 to 2,1 to 2,1,3 to 5,1 to 2,OC,17:19:00,236.06,244,10,0,4,1,1,35,1,1,1,1,1,100,1,1,Sphagnum,-0.8243,-0.1811,,5,2,0,7,1,0.098520022,0.083696087,-0.021790547,-0.9178,-0.2903,NA,23.0,5.5,1
LC,2018,18-Mar,3/16/2018,Burned Forest,S06,S0602,0,0,0,0,0,0,0,0,SPMA,Moss,2.5,3,NE,1,3 to 5,1 to 2,1,1 to 2,1 to 2,1,3 to 5,1 to 2,OC,17:17:00,218.54,241.59,6,1,7,0,0,0,1,5,1,1,1,100,1,1,Sphagnum,-0.793,-0.0488,,1,0,0,1,1,0.065028558,0.079385214,0.007390044,-0.8488,-0.123,NA,32.5,11.0,0.5
LC,2018,18-Mar,3/16/2018,Burned Forest,S06,S0603,0,0,0,0,0,0,0,0,SPMA,Moss,3,1,E,1,3 to 5,1 to 2,1,1 to 2,1 to 2,1,3 to 5,1 to 2,OC,17:13:00,145.68,182.01,8,17,15,0,1,15,1,20,1,1,1,80,20,1,Sphagnum,-0.8275,0.0881,,3,2,0,5,1,-0.111102448,-0.04359849,0.060537346,-0.5573,0.2171,NA,37.0,6.0,0.5
LC,2018,18-Mar,3/16/2018,Burned Forest,S06,S0604,0,0,0,0,0,0,0,0,SPMA,Moss,1.5,0.5,E,1,1 to 2,1 to 2,1,3 to 5,1 to 2,1,3 to 5,1 to 2,OC,17:15:00,178.41,161.01,20,8,0,1,1,10,1,1,1,1,1,100,1,1,Sphagnum,-0.831,-0.1861,,0,1,0,1,1,-0.023083188,-0.096840889,-0.080724314,-0.8944,-0.1958,NA,17.5,5.5,0.5
LC,2018,18-Mar,3/18/2018,Burned Forest,S07,S0701,0,0,0,0,0,0,0,0,Decaying SPMA,Moss,1,5,SW,1,1 to 2,1 to 2,1,3 to 5,1 to 2,1,3 to 5,1 to 2,OC,15:37:00,269.73,275.56,13,11,23,0,0,0,1,1,1,1,1,100,1,1,Sphagnum,-0.9111,-0.2118,,0,0,0,0,0,0.01852655,0.000118829,-0.025471904,-0.9169,-0.1667,NA,12.5,1.5,0
LC,2018,18-Mar,3/18/2018,Burned Forest,S07,S0702,0,0,0,0,0,0,0,0,Decaying SPMA,Moss,1,4,NW,1,1 to 2,1 to 2,1,3 to 5,1 to 2,1,3 to 5,1 to 2,OC,15:39:00,316.32,329.23,22,20,17,0,0,0,1,5,1,1,1,100,1,1,Sphagnum,-0.9515,-0.1735,,0,0,0,0,0,0.087723949,0.077402055,-0.017386078,-0.8488,-0.123,NA,22.0,11.0,0
LC,2018,18-Mar,3/18/2018,Burned Forest,S07,S0703,0,0,0,0,0,0,0,0,Decaying SPMA,Moss,1,2,W,1,1 to 2,1 to 2,1,1 to 2,1 to 2,1,3 to 5,1 to 2,OC,16:25:00,220.63,250.97,20,19,21,0,0,0,1,15,1,1,1,100,1,1,Sphagnum,-0.7753,-0.1741,,1,0,1,2,0,-0.068738138,-0.040475536,0.021198418,-0.8405,-0.0121,NA,23.0,6.5,15.5
LC,2018,18-Mar,3/18/2018,Burned Forest,S07,S0704,2,2,1,1,1,1,0,0,Decaying SPMA,Moss,1,2.5,W,1,1 to 2,1 to 2,1,1 to 2,1 to 2,1,3 to 5,1 to 2,OC,16:27:00,256.77,269.2,16,21,13,0,0,0,1,10,1,1,1,100,1,1,Sphagnum,-0.9795,-0.2963,,6,0,0,6,0,-0.002858422,-0.010022292,-0.014228054,-0.8322,-0.0637,NA,32.5,6.5,1.5
LC,2018,18-Mar,3/18/2018,Burned Forest,S08,S0801,0,0,0,0,0,0,0,0,Decaying SPMA,Moss,1,4,SW,1,1 to 2,3 to 5,1,3 to 5,1 to 2,1,3 to 5,1 to 2,"OC, PS",12:47:00,291.24,297.33,23,18,11,0,0,0,1,5,1,1,1,100,1,1,Sphagnum,-0.9576,-0.1294,,3,0,0,3,0,0.058675015,0.04851545,-0.020232806,-0.8488,-0.123,NA,23.0,1.5,0.5
LC,2018,18-Mar,3/18/2018,Burned Forest,S08,S0802,2,2,2,0,2,2,0,0,SPMA,Moss,1,5,SW,1,1 to 2,1 to 2,1,3 to 5,1 to 2,1,3 to 5,1 to 2,"OC, PS",12:49:00,273.23,288.93,15,19,13,0,0,0,1,10,1,1,1,100,1,1,Sphagnum,-0.9575,-0.0496,,0,0,0,0,0,0.030952374,0.036069356,-0.004956259,-0.8322,-0.0637,NA,28.5,1.5,0.5
LC,2018,18-Mar,3/18/2018,Burned Forest,S08,S0803,3,3,2,0,3,2,0,0,Decaying SPMA,Moss,1,5,SW,1,1 to 2,1 to 2,1,3 to 5,1 to 2,1,3 to 5,1 to 2,"OC, PS",13:39:00,208.58,218.09,20,14,27,0,0,0,1,20,1,1,1,100,1,1,Sphagnum,-0.9663,-0.0091,,0,0,0,0,0,-0.101996247,-0.104216224,-0.009857425,-0.8532,0.0247,NA,38.0,1.5,0.5
LC,2018,18-Mar,3/18/2018,Burned Forest,S08,S0804,0,0,0,0,0,0,0,0,Decaying SPMA,Moss,1,7,SW,0,none,none,1,3 to 5,1 to 2,1,3 to 5,1 to 2,"OC, PS",13:41:00,280.53,295.46,8,6,17,0,0,0,1,20,1,1,1,100,1,1,Sphagnum,-0.9174,-0.0797,,1,0,0,1,0,0.026710402,0.027646717,-0.006701133,-0.8532,0.0247,NA,19.0,2.5,1
LC,2018,18-Mar,3/19/2018,Burned Forest,S09,S0901,3,3,2,1,2,2,0,0,Decaying SPMA,Moss,1.5,0.5,SW,1,1 to 2,3 to 5,1,1 to 2,1 to 2,1,3 to 5,1 to 2,PS,11:16:00,170.83,191.44,15,2,7,0,0,0,1,10,1,1,1,100,1,1,Sphagnum,-0.9624,-0.1999,,5,0,0,5,0,-0.070049197,-0.055837693,0.003911645,-0.8322,-0.0637,NA,16.5,1.5,1
LC,2018,18-Mar,3/19/2018,Burned Forest,S09,S0902,15,15,11,4,11,11,0,0,Decaying SPMA,Moss,1.5,3,SW,1,1 to 2,3 to 5,1,1 to 2,1 to 2,1,3 to 5,1 to 2,PS,11:18:00,224.51,211.42,45,30,36,0,0,0,1,30,1,1,1,100,1,1,Sphagnum,-0.9688,-0.0529,,19,0,0,19,0,0.048622352,-0.01272431,-0.071646521,-0.8702,0.0618,NA,26.5,1.0,1.5
LC,2018,18-Mar,3/19/2018,Burned Forest,S09,S0903,5,5,4,1,4,4,0,0,Decaying SPMA,Moss,1.5,5,S,1,1 to 2,3 to 5,1,3 to 5,1 to 2,1,3 to 5,3 to 5,PS,12:56:00,283.18,350.61,40,17,45,0,0,0,1,25,1,1,1,100,5,1,Sphagnum,-0.8189,0.0214,,8,4,0,12,0,-0.013888303,0.033776934,0.047204821,-0.7754,0.0488,NA,41.0,11.0,5
LC,2018,18-Mar,3/19/2018,Burned Forest,S09,S0904,1,1,1,0,1,0,1,0,Decaying SPMA,Moss,2.5,4,N,1,3 to 5,1 to 2,1,3 to 5,1 to 2,1,3 to 5,1 to 2,PS,12:55:00,326.84,359.8,31,42,32,0,0,0,1,35,1,1,1,100,1,1,Sphagnum-litter,-0.9947,-0.0488,,2,0,0,2,0,0.048384321,0.045013794,-0.003830943,-0.8938,0.0799,NA,36.5,11.0,0.5
